OID_,gml_id,beginLifes,conditionO,beginning,end,endLifespa,informatio,reference,localId,namespace,horizontal,horizont_1,horizont_2,referenceG,currentUse,numberOfBu,numberOfDw,numberOfFl,documentLi,format,sourceStat,officialAr,value,value_uom,AREA,MEAN,Usable_SR_MWh,Elec_Prod_MWh,Shape_Length,Shape_Area
1,ES.SDGC.BU.000200200YJ35E,2008/10/20 00:00:00.000,functional,1965/01/01 00:00:00.000,1965/01/01 00:00:00.000, ,https://www1.sedecatastro.gob.es/CYCBienInmueble/OVCListaBienes.aspx?rc1=0002002&rc2=00YJ35E,000200200YJ35E,000200200YJ35E,ES.SDGC.BU,0.100000000000000,m,footPrint,1,1_residential,1,1, ,http://ovc.catastro.meh.es/OVCServWeb/OVCWcfLibres/OVCFotoFachada.svc/RecuperarFotoFachadaGet?ReferenciaCatastral=000200200YJ35E,jpeg,NotOfficial,grossFloorArea,174,m2,68.750000000000000,1146.730019309999989,78.837688827562502,10.848065982672599,61.979557807844827,155.480827494443986
2,ES.SDGC.BU.000200300YJ35E,2008/10/20 00:00:00.000,functional,1965/01/01 00:00:00.000,1965/01/01 00:00:00.000, ,https://www1.sedecatastro.gob.es/CYCBienInmueble/OVCListaBienes.aspx?rc1=0002003&rc2=00YJ35E,000200300YJ35E,000200300YJ35E,ES.SDGC.BU,0.100000000000000,m,footPrint,1,1_residential,1,1, ,http://ovc.catastro.meh.es/OVCServWeb/OVCWcfLibres/OVCFotoFachada.svc/RecuperarFotoFachadaGet?ReferenciaCatastral=000200300YJ35E,jpeg,NotOfficial,grossFloorArea,122,m2,25.000000000000000,1139.794525150000027,28.494863128749998,3.920893166516000,35.820000000298023,70.301000004146246
3,ES.SDGC.BU.000200400YJ35E,2008/10/20 00:00:00.000,functional,1970/01/01 00:00:00.000,1970/01/01 00:00:00.000, ,https://www1.sedecatastro.gob.es/CYCBienInmueble/OVCListaBienes.aspx?rc1=0002004&rc2=00YJ35E,000200400YJ35E,000200400YJ35E,ES.SDGC.BU,0.100000000000000,m,footPrint,1,1_residential,1,1, ,http://ovc.catastro.meh.es/OVCServWeb/OVCWcfLibres/OVCFotoFachada.svc/RecuperarFotoFachadaGet?ReferenciaCatastral=000200400YJ35E,jpeg,NotOfficial,grossFloorArea,119,m2,62.500000000000000,1201.087902830000075,75.067993926875005,10.329355964338001,65.227290434241255,141.349200013595805
4,ES.SDGC.BU.000200500YJ35E,2016/03/10 00:00:00.000,functional,1965/01/01 00:00:00.000,1980/01/01 00:00:00.000, ,https://www1.sedecatastro.gob.es/CYCBienInmueble/OVCListaBienes.aspx?rc1=0002005&rc2=00YJ35E,000200500YJ35E,000200500YJ35E,ES.SDGC.BU,0.100000000000000,m,footPrint,1,1_residential,1,1, ,http://ovc.catastro.meh.es/OVCServWeb/OVCWcfLibres/OVCFotoFachada.svc/RecuperarFotoFachadaGet?ReferenciaCatastral=000200500YJ35E,jpeg,NotOfficial,grossFloorArea,189,m2,68.750000000000000,1224.133467240000073,84.159175872749998,11.580302600090400,120.957467613209218,218.136410026855657
5,ES.SDGC.BU.000200600YJ35E,2015/10/27 00:00:00.000,functional,1998/01/01 00:00:00.000,1998/01/01 00:00:00.000, ,https://www1.sedecatastro.gob.es/CYCBienInmueble/OVCListaBienes.aspx?rc1=0002006&rc2=00YJ35E,000200600YJ35E,000200600YJ35E,ES.SDGC.BU,0.100000000000000,m,footPrint,1,3_industrial,1,0, ,http://ovc.catastro.meh.es/OVCServWeb/OVCWcfLibres/OVCFotoFachada.svc/RecuperarFotoFachadaGet?ReferenciaCatastral=000200600YJ35E,jpeg,NotOfficial,grossFloorArea,2621,m2,1225.000000000000000,1199.307320729999901,1469.151467894249890,202.155241982248782,630.315709216746427,2621.023571831318350
6,ES.SDGC.BU.000600100YJ35G,2008/10/20 00:00:00.000,functional,1930/01/01 00:00:00.000,1930/01/01 00:00:00.000, ,https://www1.sedecatastro.gob.es/CYCBienInmueble/OVCListaBienes.aspx?rc1=0006001&rc2=00YJ35G,000600100YJ35G,000600100YJ35G,ES.SDGC.BU,0.100000000000000,m,footPrint,1,2_agriculture,1,0, ,http://ovc.catastro.meh.es/OVCServWeb/OVCWcfLibres/OVCFotoFachada.svc/RecuperarFotoFachadaGet?ReferenciaCatastral=000600100YJ35G,jpeg,NotOfficial,grossFloorArea,86,m2,12.500000000000000,1116.375366210000038,13.954692077625001,1.920165629881200,24.847292757102704,27.736012335927366
7,ES.SDGC.BU.000700100YJ35E,2013/08/02 00:00:00.000,functional,1967/01/01 00:00:00.000,1967/01/01 00:00:00.000, ,https://www1.sedecatastro.gob.es/CYCBienInmueble/OVCListaBienes.aspx?rc1=0007001&rc2=00YJ35E,000700100YJ35E,000700100YJ35E,ES.SDGC.BU,0.100000000000000,m,footPrint,1,4_2_retail,1,0, ,http://ovc.catastro.meh.es/OVCServWeb/OVCWcfLibres/OVCFotoFachada.svc/RecuperarFotoFachadaGet?ReferenciaCatastral=000700100YJ35E,jpeg,NotOfficial,grossFloorArea,25564,m2,1612.500000000000000,1179.558170759999939,1902.037550350499714,261.720366928228771,664.815610208923431,3428.199699002971556
8,ES.SDGC.BU.001200200YJ35E,2008/10/20 00:00:00.000,functional,1975/01/01 00:00:00.000,1975/01/01 00:00:00.000, ,https://www1.sedecatastro.gob.es/CYCBienInmueble/OVCListaBienes.aspx?rc1=0012002&rc2=00YJ35E,001200200YJ35E,001200200YJ35E,ES.SDGC.BU,0.100000000000000,m,footPrint,1,1_residential,1,1, ,http://ovc.catastro.meh.es/OVCServWeb/OVCWcfLibres/OVCFotoFachada.svc/RecuperarFotoFachadaGet?ReferenciaCatastral=001200200YJ35E,jpeg,NotOfficial,grossFloorArea,118,m2,37.500000000000000,1201.342346189999944,45.050337982125001,6.198926506340400,34.444931536519661,69.010535495276230
9,ES.SDGC.BU.001200300YJ35E,2016/08/10 00:00:00.000,functional,1965/01/01 00:00:00.000,2005/01/01 00:00:00.000, ,https://www1.sedecatastro.gob.es/CYCBienInmueble/OVCListaBienes.aspx?rc1=0012003&rc2=00YJ35E,001200300YJ35E,001200300YJ35E,ES.SDGC.BU,0.100000000000000,m,footPrint,1,1_residential,1,1, ,http://ovc.catastro.meh.es/OVCServWeb/OVCWcfLibres/OVCFotoFachada.svc/RecuperarFotoFachadaGet?ReferenciaCatastral=001200300YJ35E,jpeg,NotOfficial,grossFloorArea,163,m2,56.250000000000000,1217.780449760000010,68.500150298999998,9.425620681142400,70.043647525666856,161.360550513898858
10,ES.SDGC.BU.001200400YJ35E,2008/10/20 00:00:00.000,functional,1980/01/01 00:00:00.000,1980/01/01 00:00:00.000, ,https://www1.sedecatastro.gob.es/CYCBienInmueble/OVCListaBienes.aspx?rc1=0012004&rc2=00YJ35E,001200400YJ35E,001200400YJ35E,ES.SDGC.BU,0.100000000000000,m,footPrint,1,1_residential,1,1, ,http://ovc.catastro.meh.es/OVCServWeb/OVCWcfLibres/OVCFotoFachada.svc/RecuperarFotoFachadaGet?ReferenciaCatastral=001200400YJ35E,jpeg,NotOfficial,grossFloorArea,156,m2,37.500000000000000,1177.785746259999996,44.166965484750001,6.077374450701600,41.833121843781612,101.133499996425584
11,ES.SDGC.BU.001200500YJ35E,2013/08/02 00:00:00.000,functional,1977/01/01 00:00:00.000,1977/01/01 00:00:00.000, ,https://www1.sedecatastro.gob.es/CYCBienInmueble/OVCListaBienes.aspx?rc1=0012005&rc2=00YJ35E,001200500YJ35E,001200500YJ35E,ES.SDGC.BU,0.100000000000000,m,footPrint,1,4_2_retail,1,0, ,http://ovc.catastro.meh.es/OVCServWeb/OVCWcfLibres/OVCFotoFachada.svc/RecuperarFotoFachadaGet?ReferenciaCatastral=001200500YJ35E,jpeg,NotOfficial,grossFloorArea,18761,m2,3537.500000000000000,1198.184227610000107,4238.576705170375135,583.228154631443658,1238.759109735816310,5975.803781703305503
12,ES.SDGC.BU.001200600YJ35E,2008/10/20 00:00:00.000,functional,1975/01/01 00:00:00.000,1975/01/01 00:00:00.000, ,https://www1.sedecatastro.gob.es/CYCBienInmueble/OVCListaBienes.aspx?rc1=0012006&rc2=00YJ35E,001200600YJ35E,001200600YJ35E,ES.SDGC.BU,0.100000000000000,m,footPrint,1,1_residential,1,1, ,http://ovc.catastro.meh.es/OVCServWeb/OVCWcfLibres/OVCFotoFachada.svc/RecuperarFotoFachadaGet?ReferenciaCatastral=001200600YJ35E,jpeg,NotOfficial,grossFloorArea,116,m2,12.500000000000000,1005.690093990000037,12.571126174875001,1.729786961662800,32.587815854911049,61.973380005739514
13,ES.SDGC.BU.001700100YJ35E,2016/08/10 00:00:00.000,functional,1978/01/01 00:00:00.000,1985/01/01 00:00:00.000, ,https://www1.sedecatastro.gob.es/CYCBienInmueble/OVCListaBienes.aspx?rc1=0017001&rc2=00YJ35E,001700100YJ35E,001700100YJ35E,ES.SDGC.BU,0.100000000000000,m,footPrint,1,1_residential,1,1, ,http://ovc.catastro.meh.es/OVCServWeb/OVCWcfLibres/OVCFotoFachada.svc/RecuperarFotoFachadaGet?ReferenciaCatastral=001700100YJ35E,jpeg,NotOfficial,grossFloorArea,154,m2,31.250000000000000,1216.385253910000074,38.012039184687502,5.230456591813000,46.177695749093793,102.823804619781541
14,ES.SDGC.BU.001700200YJ35E,2008/10/20 00:00:00.000,functional,1975/01/01 00:00:00.000,1975/01/01 00:00:00.000, ,https://www1.sedecatastro.gob.es/CYCBienInmueble/OVCListaBienes.aspx?rc1=0017002&rc2=00YJ35E,001700200YJ35E,001700200YJ35E,ES.SDGC.BU,0.100000000000000,m,footPrint,1,1_residential,1,1, ,http://ovc.catastro.meh.es/OVCServWeb/OVCWcfLibres/OVCFotoFachada.svc/RecuperarFotoFachadaGet?ReferenciaCatastral=001700200YJ35E,jpeg,NotOfficial,grossFloorArea,133,m2,31.250000000000000,1205.234936520000019,37.663591766250001,5.182510227036000,52.188780039330631,90.831462499493639
15,ES.SDGC.BU.001700300YJ35E,2008/10/20 00:00:00.000,functional,1975/01/01 00:00:00.000,1975/01/01 00:00:00.000, ,https://www1.sedecatastro.gob.es/CYCBienInmueble/OVCListaBienes.aspx?rc1=0017003&rc2=00YJ35E,001700300YJ35E,001700300YJ35E,ES.SDGC.BU,0.100000000000000,m,footPrint,1,1_residential,1,1, ,http://ovc.catastro.meh.es/OVCServWeb/OVCWcfLibres/OVCFotoFachada.svc/RecuperarFotoFachadaGet?ReferenciaCatastral=001700300YJ35E,jpeg,NotOfficial,grossFloorArea,210,m2,31.250000000000000,1080.935388180000018,33.779230880625001,4.648022169174000,46.220000002533197,111.662400016377120
16,ES.SDGC.BU.001700400YJ35E,2013/08/02 00:00:00.000,functional,1950/01/01 00:00:00.000,1950/01/01 00:00:00.000, ,https://www1.sedecatastro.gob.es/CYCBienInmueble/OVCListaBienes.aspx?rc1=0017004&rc2=00YJ35E,001700400YJ35E,001700400YJ35E,ES.SDGC.BU,0.100000000000000,m,footPrint,1,3_industrial,1,0, ,http://ovc.catastro.meh.es/OVCServWeb/OVCWcfLibres/OVCFotoFachada.svc/RecuperarFotoFachadaGet?ReferenciaCatastral=001700400YJ35E,jpeg,NotOfficial,grossFloorArea,101,m2,118.750000000000000,1187.930439199999910,141.066739654999992,19.410783376527998,75.706814391405430,201.128705917652638
17,ES.SDGC.BU.002200100YJ35E,2015/01/14 00:00:00.000,functional,1978/01/01 00:00:00.000,1978/01/01 00:00:00.000, ,https://www1.sedecatastro.gob.es/CYCBienInmueble/OVCListaBienes.aspx?rc1=0022001&rc2=00YJ35E,002200100YJ35E,002200100YJ35E,ES.SDGC.BU,0.100000000000000,m,footPrint,1,1_residential,1,1, ,http://ovc.catastro.meh.es/OVCServWeb/OVCWcfLibres/OVCFotoFachada.svc/RecuperarFotoFachadaGet?ReferenciaCatastral=002200100YJ35E,jpeg,NotOfficial,grossFloorArea,176,m2,6.250000000000000,1196.109619139999950,7.475685119625000,1.028654272460400,112.150955648659263,173.812102725963229
18,ES.SDGC.BU.002200100YJ35G,2008/10/20 00:00:00.000,functional,1970/01/01 00:00:00.000,1970/01/01 00:00:00.000, ,https://www1.sedecatastro.gob.es/CYCBienInmueble/OVCListaBienes.aspx?rc1=0022001&rc2=00YJ35G,002200100YJ35G,002200100YJ35G,ES.SDGC.BU,0.100000000000000,m,footPrint,1,4_1_office,1,0, ,http://ovc.catastro.meh.es/OVCServWeb/OVCWcfLibres/OVCFotoFachada.svc/RecuperarFotoFachadaGet?ReferenciaCatastral=002200100YJ35G,jpeg,NotOfficial,grossFloorArea,244,m2,93.750000000000000,1116.326660160000074,104.655624390000014,14.400613916064003,71.762268867404259,278.831369985104232
19,ES.SDGC.BU.002200300YJ35E,2008/10/20 00:00:00.000,functional,1975/01/01 00:00:00.000,1975/01/01 00:00:00.000, ,https://www1.sedecatastro.gob.es/CYCBienInmueble/OVCListaBienes.aspx?rc1=0022003&rc2=00YJ35E,002200300YJ35E,002200300YJ35E,ES.SDGC.BU,0.100000000000000,m,footPrint,1,1_residential,1,1, ,http://ovc.catastro.meh.es/OVCServWeb/OVCWcfLibres/OVCFotoFachada.svc/RecuperarFotoFachadaGet?ReferenciaCatastral=002200300YJ35E,jpeg,NotOfficial,grossFloorArea,564,m2,325.000000000000000,1179.454865680000012,383.322831346000044,52.745221593209607,122.071064365830495,543.039607519901665
20,ES.SDGC.BU.002200400YJ35E,2008/10/20 00:00:00.000,functional,1975/01/01 00:00:00.000,1975/01/01 00:00:00.000, ,https://www1.sedecatastro.gob.es/CYCBienInmueble/OVCListaBienes.aspx?rc1=0022004&rc2=00YJ35E,002200400YJ35E,002200400YJ35E,ES.SDGC.BU,0.100000000000000,m,footPrint,1,1_residential,1,1, ,http://ovc.catastro.meh.es/OVCServWeb/OVCWcfLibres/OVCFotoFachada.svc/RecuperarFotoFachadaGet?ReferenciaCatastral=002200400YJ35E,jpeg,NotOfficial,grossFloorArea,283,m2,93.750000000000000,1187.715108240000063,111.348291397500006,15.321524896295999,110.511792909342958,273.626487512555229
21,ES.SDGC.BU.002300100YJ35E,2013/08/02 00:00:00.000,functional,1955/01/01 00:00:00.000,1955/01/01 00:00:00.000, ,https://www1.sedecatastro.gob.es/CYCBienInmueble/OVCListaBienes.aspx?rc1=0023001&rc2=00YJ35E,002300100YJ35E,002300100YJ35E,ES.SDGC.BU,0.100000000000000,m,footPrint,1,1_residential,1,1, ,http://ovc.catastro.meh.es/OVCServWeb/OVCWcfLibres/OVCFotoFachada.svc/RecuperarFotoFachadaGet?ReferenciaCatastral=002300100YJ35E,jpeg,NotOfficial,grossFloorArea,249,m2,31.250000000000000,1201.151464840000017,37.535983276250001,5.164951298812000,64.593848992685665,134.222027975735273
22,ES.SDGC.BU.002300300YJ35E,2006/01/16 00:00:00.000,declined,1950/01/01 00:00:00.000,1950/01/01 00:00:00.000, ,https://www1.sedecatastro.gob.es/CYCBienInmueble/OVCListaBienes.aspx?rc1=0023003&rc2=00YJ35E,002300300YJ35E,002300300YJ35E,ES.SDGC.BU,0.100000000000000,m,footPrint,1,1_residential,1,1, ,http://ovc.catastro.meh.es/OVCServWeb/OVCWcfLibres/OVCFotoFachada.svc/RecuperarFotoFachadaGet?ReferenciaCatastral=002300300YJ35E,jpeg,NotOfficial,grossFloorArea,95,m2,18.750000000000000,1142.598836260000098,21.423728179875003,2.947904997550800,39.307255072455447,69.130100001825582
23,ES.SDGC.BU.1251901YJ3515A,2021/09/08 00:00:00.000,functional,1979/01/01 00:00:00.000,1979/01/01 00:00:00.000, ,https://www1.sedecatastro.gob.es/CYCBienInmueble/OVCListaBienes.aspx?rc1=1251901&rc2=YJ3515A,1251901YJ3515A,1251901YJ3515A,ES.SDGC.BU,0.100000000000000,m,footPrint,1,4_3_publicServices,1,0, ,http://ovc.catastro.meh.es/OVCServWeb/OVCWcfLibres/OVCFotoFachada.svc/RecuperarFotoFachadaGet?ReferenciaCatastral=1251901YJ3515A,jpeg,NotOfficial,grossFloorArea,2369,m2,1112.500000000000000,1212.682243429999971,1349.108995815875005,185.637397824264411,326.426691756468870,1489.272425228496559
24,ES.SDGC.BU.1343104YJ3514C,2021/07/20 00:00:00.000,functional,1973/01/01 00:00:00.000,1973/01/01 00:00:00.000, ,https://www1.sedecatastro.gob.es/CYCBienInmueble/OVCListaBienes.aspx?rc1=1343104&rc2=YJ3514C,1343104YJ3514C,1343104YJ3514C,ES.SDGC.BU,0.100000000000000,m,footPrint,1,3_industrial,1,0, ,http://ovc.catastro.meh.es/OVCServWeb/OVCWcfLibres/OVCFotoFachada.svc/RecuperarFotoFachadaGet?ReferenciaCatastral=1343104YJ3514C,jpeg,NotOfficial,grossFloorArea,73,m2,50.000000000000000,1190.933547970000063,59.546677398500002,8.193622810033601,34.946822788421585,73.905800002250629
25,ES.SDGC.BU.1343105YJ3514C,2021/07/20 00:00:00.000,functional,1973/01/01 00:00:00.000,1973/01/01 00:00:00.000, ,https://www1.sedecatastro.gob.es/CYCBienInmueble/OVCListaBienes.aspx?rc1=1343105&rc2=YJ3514C,1343105YJ3514C,1343105YJ3514C,ES.SDGC.BU,0.100000000000000,m,footPrint,1,3_industrial,1,0, ,http://ovc.catastro.meh.es/OVCServWeb/OVCWcfLibres/OVCFotoFachada.svc/RecuperarFotoFachadaGet?ReferenciaCatastral=1343105YJ3514C,jpeg,NotOfficial,grossFloorArea,65,m2,31.250000000000000,1241.336767580000014,38.791773986875000,5.337748100594000,33.567013324551183,65.465100002025821
26,ES.SDGC.BU.1350302YJ3515A,2021/09/08 00:00:00.000,functional,1930/01/01 00:00:00.000,1990/01/01 00:00:00.000, ,https://www1.sedecatastro.gob.es/CYCBienInmueble/OVCListaBienes.aspx?rc1=1350302&rc2=YJ3515A,1350302YJ3515A,1350302YJ3515A,ES.SDGC.BU,0.100000000000000,m,footPrint,1,3_industrial,1,0, ,http://ovc.catastro.meh.es/OVCServWeb/OVCWcfLibres/OVCFotoFachada.svc/RecuperarFotoFachadaGet?ReferenciaCatastral=1350302YJ3515A,jpeg,NotOfficial,grossFloorArea,484,m2,275.000000000000000,1181.701855750000050,324.968010331250014,44.715598221580002,67.801963900668298,124.293693121084203
27,ES.SDGC.BU.1350402YJ3515A,2020/10/23 00:00:00.000,functional,1975/01/01 00:00:00.000,1975/01/01 00:00:00.000, ,https://www1.sedecatastro.gob.es/CYCBienInmueble/OVCListaBienes.aspx?rc1=1350402&rc2=YJ3515A,1350402YJ3515A,1350402YJ3515A,ES.SDGC.BU,0.100000000000000,m,footPrint,1,1_residential,2,2, ,http://ovc.catastro.meh.es/OVCServWeb/OVCWcfLibres/OVCFotoFachada.svc/RecuperarFotoFachadaGet?ReferenciaCatastral=1350402YJ3515A,jpeg,NotOfficial,grossFloorArea,173,m2,43.750000000000000,1138.466081889999941,49.807891082687497,6.853565812977800,38.339809586849320,77.942043384275181
28,ES.SDGC.BU.1350403YJ3515A,2020/12/18 00:00:00.000,functional,1961/01/01 00:00:00.000,1990/01/01 00:00:00.000, ,https://www1.sedecatastro.gob.es/CYCBienInmueble/OVCListaBienes.aspx?rc1=1350403&rc2=YJ3515A,1350403YJ3515A,1350403YJ3515A,ES.SDGC.BU,0.100000000000000,m,footPrint,1,1_residential,1,1, ,http://ovc.catastro.meh.es/OVCServWeb/OVCWcfLibres/OVCFotoFachada.svc/RecuperarFotoFachadaGet?ReferenciaCatastral=1350403YJ3515A,jpeg,NotOfficial,grossFloorArea,171,m2,62.500000000000000,1154.284558110000035,72.142784881875002,9.926847199746000,35.904952407327698,70.501939225852354
29,ES.SDGC.BU.1350404YJ3515A,2020/12/18 00:00:00.000,functional,1961/01/01 00:00:00.000,1961/01/01 00:00:00.000, ,https://www1.sedecatastro.gob.es/CYCBienInmueble/OVCListaBienes.aspx?rc1=1350404&rc2=YJ3515A,1350404YJ3515A,1350404YJ3515A,ES.SDGC.BU,0.100000000000000,m,footPrint,1,4_2_retail,1,0, ,http://ovc.catastro.meh.es/OVCServWeb/OVCWcfLibres/OVCFotoFachada.svc/RecuperarFotoFachadaGet?ReferenciaCatastral=1350404YJ3515A,jpeg,NotOfficial,grossFloorArea,104,m2,18.750000000000000,1094.956868490000033,20.530441284187503,2.824988720704201,36.684145452302339,74.958037982464504
30,ES.SDGC.BU.1350501YJ3515A,2020/12/18 00:00:00.000,functional,1961/01/01 00:00:00.000,1961/01/01 00:00:00.000, ,https://www1.sedecatastro.gob.es/CYCBienInmueble/OVCListaBienes.aspx?rc1=1350501&rc2=YJ3515A,1350501YJ3515A,1350501YJ3515A,ES.SDGC.BU,0.100000000000000,m,footPrint,1,1_residential,1,1, ,http://ovc.catastro.meh.es/OVCServWeb/OVCWcfLibres/OVCFotoFachada.svc/RecuperarFotoFachadaGet?ReferenciaCatastral=1350501YJ3515A,jpeg,NotOfficial,grossFloorArea,60,m2,31.250000000000000,1062.690576169999986,33.209080505312500,4.569569477531000,36.275473456870742,59.165720672784317
31,ES.SDGC.BU.1350502YJ3515A,2020/12/18 00:00:00.000,functional,1975/01/01 00:00:00.000,1975/01/01 00:00:00.000, ,https://www1.sedecatastro.gob.es/CYCBienInmueble/OVCListaBienes.aspx?rc1=1350502&rc2=YJ3515A,1350502YJ3515A,1350502YJ3515A,ES.SDGC.BU,0.100000000000000,m,footPrint,1,1_residential,1,1, ,http://ovc.catastro.meh.es/OVCServWeb/OVCWcfLibres/OVCFotoFachada.svc/RecuperarFotoFachadaGet?ReferenciaCatastral=1350502YJ3515A,jpeg,NotOfficial,grossFloorArea,185,m2,37.500000000000000,1218.922607420000077,45.709597778250007,6.289640654287202,38.998522993158396,80.722269900364182
32,ES.SDGC.BU.1350503YJ3515A,2020/12/18 00:00:00.000,functional,1975/01/01 00:00:00.000,1985/01/01 00:00:00.000, ,https://www1.sedecatastro.gob.es/CYCBienInmueble/OVCListaBienes.aspx?rc1=1350503&rc2=YJ3515A,1350503YJ3515A,1350503YJ3515A,ES.SDGC.BU,0.100000000000000,m,footPrint,1,1_residential,1,1, ,http://ovc.catastro.meh.es/OVCServWeb/OVCWcfLibres/OVCFotoFachada.svc/RecuperarFotoFachadaGet?ReferenciaCatastral=1350503YJ3515A,jpeg,NotOfficial,grossFloorArea,219,m2,37.500000000000000,1138.914235429999962,42.709283828624997,5.876797454818800,38.927323625539636,79.219240446277126
33,ES.SDGC.BU.1350504YJ3515A,2020/12/18 00:00:00.000,functional,1961/01/01 00:00:00.000,1961/01/01 00:00:00.000, ,https://www1.sedecatastro.gob.es/CYCBienInmueble/OVCListaBienes.aspx?rc1=1350504&rc2=YJ3515A,1350504YJ3515A,1350504YJ3515A,ES.SDGC.BU,0.100000000000000,m,footPrint,1,1_residential,1,1, ,http://ovc.catastro.meh.es/OVCServWeb/OVCWcfLibres/OVCFotoFachada.svc/RecuperarFotoFachadaGet?ReferenciaCatastral=1350504YJ3515A,jpeg,NotOfficial,grossFloorArea,73,m2,37.500000000000000,1131.453826899999967,42.429518508750000,5.838301746804000,36.493208637770167,58.911793413566535
34,ES.SDGC.BU.1350505YJ3515A,2020/12/18 00:00:00.000,functional,1961/01/01 00:00:00.000,1961/01/01 00:00:00.000, ,https://www1.sedecatastro.gob.es/CYCBienInmueble/OVCListaBienes.aspx?rc1=1350505&rc2=YJ3515A,1350505YJ3515A,1350505YJ3515A,ES.SDGC.BU,0.100000000000000,m,footPrint,1,1_residential,1,1, ,http://ovc.catastro.meh.es/OVCServWeb/OVCWcfLibres/OVCFotoFachada.svc/RecuperarFotoFachadaGet?ReferenciaCatastral=1350505YJ3515A,jpeg,NotOfficial,grossFloorArea,73,m2,31.250000000000000,1114.069055180000078,34.814657974375002,4.790496937274000,36.264970421008030,57.339964022226042
35,ES.SDGC.BU.1350506YJ3515A,2020/10/23 00:00:00.000,functional,1975/01/01 00:00:00.000,1980/01/01 00:00:00.000, ,https://www1.sedecatastro.gob.es/CYCBienInmueble/OVCListaBienes.aspx?rc1=1350506&rc2=YJ3515A,1350506YJ3515A,1350506YJ3515A,ES.SDGC.BU,0.100000000000000,m,footPrint,1,1_residential,1,1, ,http://ovc.catastro.meh.es/OVCServWeb/OVCWcfLibres/OVCFotoFachada.svc/RecuperarFotoFachadaGet?ReferenciaCatastral=1350506YJ3515A,jpeg,NotOfficial,grossFloorArea,189,m2,62.500000000000000,1171.678637700000081,73.229914856250005,10.076436284220001,38.533651382971982,78.366533289308933
36,ES.SDGC.BU.1350507YJ3515A,2020/12/18 00:00:00.000,functional,1961/01/01 00:00:00.000,1961/01/01 00:00:00.000, ,https://www1.sedecatastro.gob.es/CYCBienInmueble/OVCListaBienes.aspx?rc1=1350507&rc2=YJ3515A,1350507YJ3515A,1350507YJ3515A,ES.SDGC.BU,0.100000000000000,m,footPrint,1,1_residential,1,1, ,http://ovc.catastro.meh.es/OVCServWeb/OVCWcfLibres/OVCFotoFachada.svc/RecuperarFotoFachadaGet?ReferenciaCatastral=1350507YJ3515A,jpeg,NotOfficial,grossFloorArea,70,m2,18.750000000000000,1082.422526040000093,20.295422363250005,2.792650117183201,36.518544332911084,68.933749540021353
37,ES.SDGC.BU.1351001YJ3515A,2020/12/18 00:00:00.000,functional,1975/01/01 00:00:00.000,1990/01/01 00:00:00.000, ,https://www1.sedecatastro.gob.es/CYCBienInmueble/OVCListaBienes.aspx?rc1=1351001&rc2=YJ3515A,1351001YJ3515A,1351001YJ3515A,ES.SDGC.BU,0.100000000000000,m,footPrint,1,1_residential,1,1, ,http://ovc.catastro.meh.es/OVCServWeb/OVCWcfLibres/OVCFotoFachada.svc/RecuperarFotoFachadaGet?ReferenciaCatastral=1351001YJ3515A,jpeg,NotOfficial,grossFloorArea,219,m2,43.750000000000000,1151.087899339999922,50.360095596124999,6.929549154026800,40.621135532581370,92.482404336790907
38,ES.SDGC.BU.1351002YJ3515A,2020/12/18 00:00:00.000,functional,1961/01/01 00:00:00.000,1961/01/01 00:00:00.000, ,https://www1.sedecatastro.gob.es/CYCBienInmueble/OVCListaBienes.aspx?rc1=1351002&rc2=YJ3515A,1351002YJ3515A,1351002YJ3515A,ES.SDGC.BU,0.100000000000000,m,footPrint,1,1_residential,1,1, ,http://ovc.catastro.meh.es/OVCServWeb/OVCWcfLibres/OVCFotoFachada.svc/RecuperarFotoFachadaGet?ReferenciaCatastral=1351002YJ3515A,jpeg,NotOfficial,grossFloorArea,107,m2,37.500000000000000,1071.978678389999914,40.199200439624995,5.531409980492399,36.374668614133228,74.041400446299733
39,ES.SDGC.BU.1351003YJ3515A,2020/12/18 00:00:00.000,functional,1961/01/01 00:00:00.000,1961/01/01 00:00:00.000, ,https://www1.sedecatastro.gob.es/CYCBienInmueble/OVCListaBienes.aspx?rc1=1351003&rc2=YJ3515A,1351003YJ3515A,1351003YJ3515A,ES.SDGC.BU,0.100000000000000,m,footPrint,1,1_residential,1,1, ,http://ovc.catastro.meh.es/OVCServWeb/OVCWcfLibres/OVCFotoFachada.svc/RecuperarFotoFachadaGet?ReferenciaCatastral=1351003YJ3515A,jpeg,NotOfficial,grossFloorArea,97,m2,37.500000000000000,1173.330037429999948,43.999876403625002,6.054382993138801,35.884784339466492,71.322302966537734
40,ES.SDGC.BU.1351004YJ3515A,2020/12/18 00:00:00.000,functional,1961/01/01 00:00:00.000,1961/01/01 00:00:00.000, ,https://www1.sedecatastro.gob.es/CYCBienInmueble/OVCListaBienes.aspx?rc1=1351004&rc2=YJ3515A,1351004YJ3515A,1351004YJ3515A,ES.SDGC.BU,0.100000000000000,m,footPrint,1,1_residential,2,2, ,http://ovc.catastro.meh.es/OVCServWeb/OVCWcfLibres/OVCFotoFachada.svc/RecuperarFotoFachadaGet?ReferenciaCatastral=1351004YJ3515A,jpeg,NotOfficial,grossFloorArea,153,m2,43.750000000000000,1210.556466239999963,52.961845397999994,7.287549926764799,45.010458015976106,70.986047594352186
41,ES.SDGC.BU.1351005YJ3515A,2020/12/18 00:00:00.000,functional,1961/01/01 00:00:00.000,1961/01/01 00:00:00.000, ,https://www1.sedecatastro.gob.es/CYCBienInmueble/OVCListaBienes.aspx?rc1=1351005&rc2=YJ3515A,1351005YJ3515A,1351005YJ3515A,ES.SDGC.BU,0.100000000000000,m,footPrint,1,1_residential,1,1, ,http://ovc.catastro.meh.es/OVCServWeb/OVCWcfLibres/OVCFotoFachada.svc/RecuperarFotoFachadaGet?ReferenciaCatastral=1351005YJ3515A,jpeg,NotOfficial,grossFloorArea,78,m2,31.250000000000000,1221.644165039999962,38.176380157499999,5.253069909672000,36.258059682871497,58.520375642720687
42,ES.SDGC.BU.1351006YJ3515A,2020/12/18 00:00:00.000,functional,1961/01/01 00:00:00.000,1961/01/01 00:00:00.000, ,https://www1.sedecatastro.gob.es/CYCBienInmueble/OVCListaBienes.aspx?rc1=1351006&rc2=YJ3515A,1351006YJ3515A,1351006YJ3515A,ES.SDGC.BU,0.100000000000000,m,footPrint,1,1_residential,1,1, ,http://ovc.catastro.meh.es/OVCServWeb/OVCWcfLibres/OVCFotoFachada.svc/RecuperarFotoFachadaGet?ReferenciaCatastral=1351006YJ3515A,jpeg,NotOfficial,grossFloorArea,65,m2,43.750000000000000,1223.741176060000043,53.538676452625005,7.366921879881201,36.547542747787219,59.210508075935550
43,ES.SDGC.BU.1351007YJ3515A,2020/12/18 00:00:00.000,functional,1961/01/01 00:00:00.000,1961/01/01 00:00:00.000, ,https://www1.sedecatastro.gob.es/CYCBienInmueble/OVCListaBienes.aspx?rc1=1351007&rc2=YJ3515A,1351007YJ3515A,1351007YJ3515A,ES.SDGC.BU,0.100000000000000,m,footPrint,1,1_residential,1,1, ,http://ovc.catastro.meh.es/OVCServWeb/OVCWcfLibres/OVCFotoFachada.svc/RecuperarFotoFachadaGet?ReferenciaCatastral=1351007YJ3515A,jpeg,NotOfficial,grossFloorArea,60,m2,12.500000000000000,1222.431396480000103,15.280392456000001,2.102582001945601,36.138681898063545,58.939722372614490
44,ES.SDGC.BU.1351401YJ3515A,2020/12/18 00:00:00.000,functional,1949/01/01 00:00:00.000,1949/01/01 00:00:00.000, ,https://www1.sedecatastro.gob.es/CYCBienInmueble/OVCListaBienes.aspx?rc1=1351401&rc2=YJ3515A,1351401YJ3515A,1351401YJ3515A,ES.SDGC.BU,0.100000000000000,m,footPrint,1,1_residential,1,1, ,http://ovc.catastro.meh.es/OVCServWeb/OVCWcfLibres/OVCFotoFachada.svc/RecuperarFotoFachadaGet?ReferenciaCatastral=1351401YJ3515A,jpeg,NotOfficial,grossFloorArea,112,m2,50.000000000000000,1197.015029910000067,59.850751495499999,8.235463405780800,52.763851647561026,107.982274615941279
45,ES.SDGC.BU.1351402YJ3515A,2020/12/18 00:00:00.000,functional,1949/01/01 00:00:00.000,1949/01/01 00:00:00.000, ,https://www1.sedecatastro.gob.es/CYCBienInmueble/OVCListaBienes.aspx?rc1=1351402&rc2=YJ3515A,1351402YJ3515A,1351402YJ3515A,ES.SDGC.BU,0.100000000000000,m,footPrint,1,1_residential,1,1, ,http://ovc.catastro.meh.es/OVCServWeb/OVCWcfLibres/OVCFotoFachada.svc/RecuperarFotoFachadaGet?ReferenciaCatastral=1351402YJ3515A,jpeg,NotOfficial,grossFloorArea,147,m2,100.000000000000000,1188.072242740000092,118.807224274000006,16.347874060102402,61.831252472645033,145.462179447299462
46,ES.SDGC.BU.1351501YJ3515A,2020/12/18 00:00:00.000,functional,1961/01/01 00:00:00.000,1961/01/01 00:00:00.000, ,https://www1.sedecatastro.gob.es/CYCBienInmueble/OVCListaBienes.aspx?rc1=1351501&rc2=YJ3515A,1351501YJ3515A,1351501YJ3515A,ES.SDGC.BU,0.100000000000000,m,footPrint,1,1_residential,1,1, ,http://ovc.catastro.meh.es/OVCServWeb/OVCWcfLibres/OVCFotoFachada.svc/RecuperarFotoFachadaGet?ReferenciaCatastral=1351501YJ3515A,jpeg,NotOfficial,grossFloorArea,1333,m2,437.500000000000000,1217.023350310000069,532.447715760625101,73.264805688662022,245.900001920826867,802.868612855347010
47,ES.SDGC.BU.1351601YJ3515A,2020/10/07 00:00:00.000,functional,1975/01/01 00:00:00.000,1997/01/01 00:00:00.000, ,https://www1.sedecatastro.gob.es/CYCBienInmueble/OVCListaBienes.aspx?rc1=1351601&rc2=YJ3515A,1351601YJ3515A,1351601YJ3515A,ES.SDGC.BU,0.100000000000000,m,footPrint,1,1_residential,2,2, ,http://ovc.catastro.meh.es/OVCServWeb/OVCWcfLibres/OVCFotoFachada.svc/RecuperarFotoFachadaGet?ReferenciaCatastral=1351601YJ3515A,jpeg,NotOfficial,grossFloorArea,226,m2,25.000000000000000,1128.402038570000059,28.210050964250001,3.881703012680800,40.670458020854518,84.023741638787740
48,ES.SDGC.BU.1351602YJ3515A,2020/12/18 00:00:00.000,functional,1955/01/01 00:00:00.000,1955/01/01 00:00:00.000, ,https://www1.sedecatastro.gob.es/CYCBienInmueble/OVCListaBienes.aspx?rc1=1351602&rc2=YJ3515A,1351602YJ3515A,1351602YJ3515A,ES.SDGC.BU,0.100000000000000,m,footPrint,1,1_residential,1,1, ,http://ovc.catastro.meh.es/OVCServWeb/OVCWcfLibres/OVCFotoFachada.svc/RecuperarFotoFachadaGet?ReferenciaCatastral=1351602YJ3515A,jpeg,NotOfficial,grossFloorArea,124,m2,50.000000000000000,944.072570800999983,47.203628540049998,6.495219287110880,36.186925192169724,72.823378692372430
49,ES.SDGC.BU.1351603YJ3515A,2020/12/18 00:00:00.000,functional,1965/01/01 00:00:00.000,1990/01/01 00:00:00.000, ,https://www1.sedecatastro.gob.es/CYCBienInmueble/OVCListaBienes.aspx?rc1=1351603&rc2=YJ3515A,1351603YJ3515A,1351603YJ3515A,ES.SDGC.BU,0.100000000000000,m,footPrint,1,1_residential,2,2, ,http://ovc.catastro.meh.es/OVCServWeb/OVCWcfLibres/OVCFotoFachada.svc/RecuperarFotoFachadaGet?ReferenciaCatastral=1351603YJ3515A,jpeg,NotOfficial,grossFloorArea,176,m2,37.500000000000000,1106.749827070000038,41.503118515125003,5.710829107681200,37.430842691856803,75.130040431779491
50,ES.SDGC.BU.1351604YJ3515A,2020/12/18 00:00:00.000,functional,1999/01/01 00:00:00.000,1999/01/01 00:00:00.000, ,https://www1.sedecatastro.gob.es/CYCBienInmueble/OVCListaBienes.aspx?rc1=1351604&rc2=YJ3515A,1351604YJ3515A,1351604YJ3515A,ES.SDGC.BU,0.100000000000000,m,footPrint,1,1_residential,1,1, ,http://ovc.catastro.meh.es/OVCServWeb/OVCWcfLibres/OVCFotoFachada.svc/RecuperarFotoFachadaGet?ReferenciaCatastral=1351604YJ3515A,jpeg,NotOfficial,grossFloorArea,201,m2,37.500000000000000,1071.059061689999908,40.164714813374992,5.526664758320399,36.257430120317721,72.717032143530744
51,ES.SDGC.BU.1351605YJ3515A,2020/12/18 00:00:00.000,functional,1961/01/01 00:00:00.000,1961/01/01 00:00:00.000, ,https://www1.sedecatastro.gob.es/CYCBienInmueble/OVCListaBienes.aspx?rc1=1351605&rc2=YJ3515A,1351605YJ3515A,1351605YJ3515A,ES.SDGC.BU,0.100000000000000,m,footPrint,1,1_residential,1,1, ,http://ovc.catastro.meh.es/OVCServWeb/OVCWcfLibres/OVCFotoFachada.svc/RecuperarFotoFachadaGet?ReferenciaCatastral=1351605YJ3515A,jpeg,NotOfficial,grossFloorArea,159,m2,43.750000000000000,1013.408194409999965,44.336608505437496,6.100717330348200,36.227121242650441,73.123031806497536
52,ES.SDGC.BU.1351606YJ3515A,2020/12/18 00:00:00.000,functional,1961/01/01 00:00:00.000,1961/01/01 00:00:00.000, ,https://www1.sedecatastro.gob.es/CYCBienInmueble/OVCListaBienes.aspx?rc1=1351606&rc2=YJ3515A,1351606YJ3515A,1351606YJ3515A,ES.SDGC.BU,0.100000000000000,m,footPrint,1,1_residential,1,1, ,http://ovc.catastro.meh.es/OVCServWeb/OVCWcfLibres/OVCFotoFachada.svc/RecuperarFotoFachadaGet?ReferenciaCatastral=1351606YJ3515A,jpeg,NotOfficial,grossFloorArea,94,m2,18.750000000000000,919.247233072999961,17.235885620118747,2.371657861328340,36.117337462363835,72.672456018747880
53,ES.SDGC.BU.1351607YJ3515A,2020/12/18 00:00:00.000,functional,1961/01/01 00:00:00.000,1990/01/01 00:00:00.000, ,https://www1.sedecatastro.gob.es/CYCBienInmueble/OVCListaBienes.aspx?rc1=1351607&rc2=YJ3515A,1351607YJ3515A,1351607YJ3515A,ES.SDGC.BU,0.100000000000000,m,footPrint,1,1_residential,1,1, ,http://ovc.catastro.meh.es/OVCServWeb/OVCWcfLibres/OVCFotoFachada.svc/RecuperarFotoFachadaGet?ReferenciaCatastral=1351607YJ3515A,jpeg,NotOfficial,grossFloorArea,181,m2,18.750000000000000,1194.132283529999995,22.389980316187497,3.080861291507400,36.489631132173692,74.858506726913191
54,ES.SDGC.BU.1351701YJ3515A,2020/12/18 00:00:00.000,functional,1975/01/01 00:00:00.000,1975/01/01 00:00:00.000, ,https://www1.sedecatastro.gob.es/CYCBienInmueble/OVCListaBienes.aspx?rc1=1351701&rc2=YJ3515A,1351701YJ3515A,1351701YJ3515A,ES.SDGC.BU,0.100000000000000,m,footPrint,1,1_residential,1,1, ,http://ovc.catastro.meh.es/OVCServWeb/OVCWcfLibres/OVCFotoFachada.svc/RecuperarFotoFachadaGet?ReferenciaCatastral=1351701YJ3515A,jpeg,NotOfficial,grossFloorArea,183,m2,50.000000000000000,1195.990539549999994,59.799526977500001,8.228414912104000,42.445005655932100,100.065684578073885
55,ES.SDGC.BU.1351702YJ3515A,2020/12/18 00:00:00.000,functional,1975/01/01 00:00:00.000,1975/01/01 00:00:00.000, ,https://www1.sedecatastro.gob.es/CYCBienInmueble/OVCListaBienes.aspx?rc1=1351702&rc2=YJ3515A,1351702YJ3515A,1351702YJ3515A,ES.SDGC.BU,0.100000000000000,m,footPrint,1,1_residential,1,1, ,http://ovc.catastro.meh.es/OVCServWeb/OVCWcfLibres/OVCFotoFachada.svc/RecuperarFotoFachadaGet?ReferenciaCatastral=1351702YJ3515A,jpeg,NotOfficial,grossFloorArea,150,m2,68.750000000000000,1175.700739079999948,80.829425811749999,11.122128991696799,37.793691251816753,77.236212823107607
56,ES.SDGC.BU.1351703YJ3515A,2020/12/18 00:00:00.000,functional,1975/01/01 00:00:00.000,1975/01/01 00:00:00.000, ,https://www1.sedecatastro.gob.es/CYCBienInmueble/OVCListaBienes.aspx?rc1=1351703&rc2=YJ3515A,1351703YJ3515A,1351703YJ3515A,ES.SDGC.BU,0.100000000000000,m,footPrint,1,1_residential,1,1, ,http://ovc.catastro.meh.es/OVCServWeb/OVCWcfLibres/OVCFotoFachada.svc/RecuperarFotoFachadaGet?ReferenciaCatastral=1351703YJ3515A,jpeg,NotOfficial,grossFloorArea,150,m2,43.750000000000000,995.798958914999957,43.566204452531245,5.994709732668300,36.242522856844424,73.414549722472643
57,ES.SDGC.BU.1351704YJ3515A,2020/10/23 00:00:00.000,functional,1961/01/01 00:00:00.000,1961/01/01 00:00:00.000, ,https://www1.sedecatastro.gob.es/CYCBienInmueble/OVCListaBienes.aspx?rc1=1351704&rc2=YJ3515A,1351704YJ3515A,1351704YJ3515A,ES.SDGC.BU,0.100000000000000,m,footPrint,1,1_residential,1,1, ,http://ovc.catastro.meh.es/OVCServWeb/OVCWcfLibres/OVCFotoFachada.svc/RecuperarFotoFachadaGet?ReferenciaCatastral=1351704YJ3515A,jpeg,NotOfficial,grossFloorArea,229,m2,50.000000000000000,1147.553535459999921,57.377676772999997,7.895168323964800,37.032737991423176,74.422900034575676
58,ES.SDGC.BU.1351705YJ3515A,2020/12/18 00:00:00.000,functional,1961/01/01 00:00:00.000,1961/01/01 00:00:00.000, ,https://www1.sedecatastro.gob.es/CYCBienInmueble/OVCListaBienes.aspx?rc1=1351705&rc2=YJ3515A,1351705YJ3515A,1351705YJ3515A,ES.SDGC.BU,0.100000000000000,m,footPrint,1,1_residential,1,1, ,http://ovc.catastro.meh.es/OVCServWeb/OVCWcfLibres/OVCFotoFachada.svc/RecuperarFotoFachadaGet?ReferenciaCatastral=1351705YJ3515A,jpeg,NotOfficial,grossFloorArea,58,m2,12.500000000000000,1009.918334960000038,12.623979187000002,1.737059536131200,36.408852841260710,58.422900835291692
59,ES.SDGC.BU.1351706YJ3515A,2020/12/18 00:00:00.000,functional,1975/01/01 00:00:00.000,1995/01/01 00:00:00.000, ,https://www1.sedecatastro.gob.es/CYCBienInmueble/OVCListaBienes.aspx?rc1=1351706&rc2=YJ3515A,1351706YJ3515A,1351706YJ3515A,ES.SDGC.BU,0.100000000000000,m,footPrint,1,1_residential,1,1, ,http://ovc.catastro.meh.es/OVCServWeb/OVCWcfLibres/OVCFotoFachada.svc/RecuperarFotoFachadaGet?ReferenciaCatastral=1351706YJ3515A,jpeg,NotOfficial,grossFloorArea,200,m2,50.000000000000000,1179.372703550000097,58.968635177500005,8.114084200424001,37.215320192879283,75.101216942992622
60,ES.SDGC.BU.1351707YJ3515A,2020/12/18 00:00:00.000,functional,1975/01/01 00:00:00.000,1975/01/01 00:00:00.000, ,https://www1.sedecatastro.gob.es/CYCBienInmueble/OVCListaBienes.aspx?rc1=1351707&rc2=YJ3515A,1351707YJ3515A,1351707YJ3515A,ES.SDGC.BU,0.100000000000000,m,footPrint,1,1_residential,1,1, ,http://ovc.catastro.meh.es/OVCServWeb/OVCWcfLibres/OVCFotoFachada.svc/RecuperarFotoFachadaGet?ReferenciaCatastral=1351707YJ3515A,jpeg,NotOfficial,grossFloorArea,192,m2,37.500000000000000,1164.158162429999948,43.655931091124998,6.007056118138800,40.298807536372735,91.525683365179688
61,ES.SDGC.BU.1351801YJ3515A,2020/10/23 00:00:00.000,functional,1961/01/01 00:00:00.000,2000/01/01 00:00:00.000, ,https://www1.sedecatastro.gob.es/CYCBienInmueble/OVCListaBienes.aspx?rc1=1351801&rc2=YJ3515A,1351801YJ3515A,1351801YJ3515A,ES.SDGC.BU,0.100000000000000,m,footPrint,1,1_residential,1,1, ,http://ovc.catastro.meh.es/OVCServWeb/OVCWcfLibres/OVCFotoFachada.svc/RecuperarFotoFachadaGet?ReferenciaCatastral=1351801YJ3515A,jpeg,NotOfficial,grossFloorArea,186,m2,25.000000000000000,856.751342773000033,21.418783569325001,2.947224619139120,36.300411220301811,75.479689324439192
62,ES.SDGC.BU.1351802YJ3515A,2020/12/18 00:00:00.000,functional,1961/01/01 00:00:00.000,1961/01/01 00:00:00.000, ,https://www1.sedecatastro.gob.es/CYCBienInmueble/OVCListaBienes.aspx?rc1=1351802&rc2=YJ3515A,1351802YJ3515A,1351802YJ3515A,ES.SDGC.BU,0.100000000000000,m,footPrint,1,1_residential,1,1, ,http://ovc.catastro.meh.es/OVCServWeb/OVCWcfLibres/OVCFotoFachada.svc/RecuperarFotoFachadaGet?ReferenciaCatastral=1351802YJ3515A,jpeg,NotOfficial,grossFloorArea,107,m2,31.250000000000000,1090.172778319999907,34.067899322499997,4.687742946776000,36.806708200055162,72.116556256178711
63,ES.SDGC.BU.1351803YJ3515A,2020/12/18 00:00:00.000,functional,1961/01/01 00:00:00.000,1990/01/01 00:00:00.000, ,https://www1.sedecatastro.gob.es/CYCBienInmueble/OVCListaBienes.aspx?rc1=1351803&rc2=YJ3515A,1351803YJ3515A,1351803YJ3515A,ES.SDGC.BU,0.100000000000000,m,footPrint,1,1_residential,1,1, ,http://ovc.catastro.meh.es/OVCServWeb/OVCWcfLibres/OVCFotoFachada.svc/RecuperarFotoFachadaGet?ReferenciaCatastral=1351803YJ3515A,jpeg,NotOfficial,grossFloorArea,115,m2,31.250000000000000,1081.305297849999988,33.790790557812500,4.649612780755000,36.513352927378008,73.197543959745460
64,ES.SDGC.BU.1351804YJ3515A,2020/12/18 00:00:00.000,functional,1961/01/01 00:00:00.000,2000/01/01 00:00:00.000, ,https://www1.sedecatastro.gob.es/CYCBienInmueble/OVCListaBienes.aspx?rc1=1351804&rc2=YJ3515A,1351804YJ3515A,1351804YJ3515A,ES.SDGC.BU,0.100000000000000,m,footPrint,1,1_residential,1,1, ,http://ovc.catastro.meh.es/OVCServWeb/OVCWcfLibres/OVCFotoFachada.svc/RecuperarFotoFachadaGet?ReferenciaCatastral=1351804YJ3515A,jpeg,NotOfficial,grossFloorArea,190,m2,43.750000000000000,1099.337254119999898,48.096004867749997,6.618010269802400,36.329280339685710,72.506218535385230
65,ES.SDGC.BU.1351805YJ3515A,2020/12/18 00:00:00.000,functional,1961/01/01 00:00:00.000,1961/01/01 00:00:00.000, ,https://www1.sedecatastro.gob.es/CYCBienInmueble/OVCListaBienes.aspx?rc1=1351805&rc2=YJ3515A,1351805YJ3515A,1351805YJ3515A,ES.SDGC.BU,0.100000000000000,m,footPrint,1,1_residential,1,1, ,http://ovc.catastro.meh.es/OVCServWeb/OVCWcfLibres/OVCFotoFachada.svc/RecuperarFotoFachadaGet?ReferenciaCatastral=1351805YJ3515A,jpeg,NotOfficial,grossFloorArea,86,m2,37.500000000000000,1082.232757570000103,40.583728408875004,5.584321029061201,36.551717040160035,69.639108610547993
66,ES.SDGC.BU.1351806YJ3515A,2020/12/18 00:00:00.000,functional,1961/01/01 00:00:00.000,1961/01/01 00:00:00.000, ,https://www1.sedecatastro.gob.es/CYCBienInmueble/OVCListaBienes.aspx?rc1=1351806&rc2=YJ3515A,1351806YJ3515A,1351806YJ3515A,ES.SDGC.BU,0.100000000000000,m,footPrint,1,1_residential,1,1, ,http://ovc.catastro.meh.es/OVCServWeb/OVCWcfLibres/OVCFotoFachada.svc/RecuperarFotoFachadaGet?ReferenciaCatastral=1351806YJ3515A,jpeg,NotOfficial,grossFloorArea,83,m2,56.250000000000000,989.447821722999947,55.656439971918751,7.658326140136020,36.489592911900267,70.036288544580572
67,ES.SDGC.BU.1351807YJ3515A,2020/12/18 00:00:00.000,functional,2008/01/01 00:00:00.000,2008/01/01 00:00:00.000, ,https://www1.sedecatastro.gob.es/CYCBienInmueble/OVCListaBienes.aspx?rc1=1351807&rc2=YJ3515A,1351807YJ3515A,1351807YJ3515A,ES.SDGC.BU,0.100000000000000,m,footPrint,1,1_residential,3,2, ,http://ovc.catastro.meh.es/OVCServWeb/OVCWcfLibres/OVCFotoFachada.svc/RecuperarFotoFachadaGet?ReferenciaCatastral=1351807YJ3515A,jpeg,NotOfficial,grossFloorArea,230,m2,25.000000000000000,1180.222320560000071,29.505558014000002,4.059964782726401,37.119266040960788,76.209438737245037
68,ES.SDGC.BU.46900A03500003,2016/10/05 00:00:00.000,functional,1990/01/01 00:00:00.000,1990/01/01 00:00:00.000, ,https://www1.sedecatastro.gob.es/CYCBienInmueble/OVCListaBienes.aspx?rc1=46900A0&rc2=3500003,46900A03500003,46900A03500003,ES.SDGC.BU,0.100000000000000,m,footPrint,1,2_agriculture,1,0, ,http://ovc.catastro.meh.es/OVCServWeb/OVCWcfLibres/OVCFotoFachada.svc/RecuperarFotoFachadaGet?ReferenciaCatastral=46900A03500003,jpeg,NotOfficial,grossFloorArea,106,m2,25.000000000000000,1203.860595699999976,30.096514892500000,4.141280449208000,51.565007801469861,7.090521705587602
69,ES.SDGC.BU.46900A03500009,2016/10/10 00:00:00.000,functional,1990/01/01 00:00:00.000,1990/01/01 00:00:00.000, ,https://www1.sedecatastro.gob.es/CYCBienInmueble/OVCListaBienes.aspx?rc1=46900A0&rc2=3500009,46900A03500009,46900A03500009,ES.SDGC.BU,0.100000000000000,m,footPrint,1,2_agriculture,1,0, ,http://ovc.catastro.meh.es/OVCServWeb/OVCWcfLibres/OVCFotoFachada.svc/RecuperarFotoFachadaGet?ReferenciaCatastral=46900A03500009,jpeg,NotOfficial,grossFloorArea,70,m2,25.000000000000000,1240.204315189999988,31.005107879750000,4.266302844253600,36.082039593825222,70.240635721149843
70,ES.SDGC.BU.46900A03500176,2016/10/10 00:00:00.000,functional,1975/01/01 00:00:00.000,1975/01/01 00:00:00.000, ,https://www1.sedecatastro.gob.es/CYCBienInmueble/OVCListaBienes.aspx?rc1=46900A0&rc2=3500176,46900A03500176,46900A03500176,ES.SDGC.BU,0.100000000000000,m,footPrint,1,2_agriculture,1,0, ,http://ovc.catastro.meh.es/OVCServWeb/OVCWcfLibres/OVCFotoFachada.svc/RecuperarFotoFachadaGet?ReferenciaCatastral=46900A03500176,jpeg,NotOfficial,grossFloorArea,42,m2,12.500000000000000,1213.561401370000112,15.169517517125001,2.087325610356400,26.556223661199926,41.768199998958224
71,ES.SDGC.BU.46900A03500177,2016/10/10 00:00:00.000,functional,1990/01/01 00:00:00.000,1990/01/01 00:00:00.000, ,https://www1.sedecatastro.gob.es/CYCBienInmueble/OVCListaBienes.aspx?rc1=46900A0&rc2=3500177,46900A03500177,46900A03500177,ES.SDGC.BU,0.100000000000000,m,footPrint,1,2_agriculture,1,0, ,http://ovc.catastro.meh.es/OVCServWeb/OVCWcfLibres/OVCFotoFachada.svc/RecuperarFotoFachadaGet?ReferenciaCatastral=46900A03500177,jpeg,NotOfficial,grossFloorArea,50,m2,31.250000000000000,1219.704150389999995,38.115754699687500,5.244727846677000,28.630612989949679,49.674199998079985
72,ES.SDGC.BU.46900A03700001,2016/10/10 00:00:00.000,functional,1970/01/01 00:00:00.000,1970/01/01 00:00:00.000, ,https://www1.sedecatastro.gob.es/CYCBienInmueble/OVCListaBienes.aspx?rc1=46900A0&rc2=3700001,46900A03700001,46900A03700001,ES.SDGC.BU,0.100000000000000,m,footPrint,1,2_agriculture,1,0, ,http://ovc.catastro.meh.es/OVCServWeb/OVCWcfLibres/OVCFotoFachada.svc/RecuperarFotoFachadaGet?ReferenciaCatastral=46900A03700001,jpeg,NotOfficial,grossFloorArea,100,m2,50.000000000000000,1211.319030760000032,60.565951538000000,8.333874931628801,48.235682551646555,100.116549991967887
73,ES.SDGC.BU.46900A03700158,2016/08/09 00:00:00.000,functional,1990/01/01 00:00:00.000,1990/01/01 00:00:00.000, ,https://www1.sedecatastro.gob.es/CYCBienInmueble/OVCListaBienes.aspx?rc1=46900A0&rc2=3700158,46900A03700158,46900A03700158,ES.SDGC.BU,0.100000000000000,m,footPrint,1,3_industrial,1,0, ,http://ovc.catastro.meh.es/OVCServWeb/OVCWcfLibres/OVCFotoFachada.svc/RecuperarFotoFachadaGet?ReferenciaCatastral=46900A03700158,jpeg,NotOfficial,grossFloorArea,304,m2,150.000000000000000,1223.701665240000011,183.555249785999990,25.257202370553600,108.701546814288520,334.414630967275741
74,ES.SDGC.BU.46900A03700162,2016/08/09 00:00:00.000,functional,1990/01/01 00:00:00.000,1990/01/01 00:00:00.000, ,https://www1.sedecatastro.gob.es/CYCBienInmueble/OVCListaBienes.aspx?rc1=46900A0&rc2=3700162,46900A03700162,46900A03700162,ES.SDGC.BU,0.100000000000000,m,footPrint,1,4_3_publicServices,2,0, ,http://ovc.catastro.meh.es/OVCServWeb/OVCWcfLibres/OVCFotoFachada.svc/RecuperarFotoFachadaGet?ReferenciaCatastral=46900A03700162,jpeg,NotOfficial,grossFloorArea,450,m2,31.250000000000000,1193.133178710000038,37.285411834687501,5.130472668453001,105.991735751771202,332.555867370350427
75,ES.SDGC.BU.46900A03700163,2016/10/10 00:00:00.000,functional,1990/01/01 00:00:00.000,1990/01/01 00:00:00.000, ,https://www1.sedecatastro.gob.es/CYCBienInmueble/OVCListaBienes.aspx?rc1=46900A0&rc2=3700163,46900A03700163,46900A03700163,ES.SDGC.BU,0.100000000000000,m,footPrint,1,2_agriculture,1,0, ,http://ovc.catastro.meh.es/OVCServWeb/OVCWcfLibres/OVCFotoFachada.svc/RecuperarFotoFachadaGet?ReferenciaCatastral=46900A03700163,jpeg,NotOfficial,grossFloorArea,96,m2,31.250000000000000,1181.361547850000079,36.917548370312502,5.079854655755001,47.070737465678889,96.280750001931565
76,ES.SDGC.BU.46900A03700172,2016/10/10 00:00:00.000,functional,2008/01/01 00:00:00.000,2008/01/01 00:00:00.000, ,https://www1.sedecatastro.gob.es/CYCBienInmueble/OVCListaBienes.aspx?rc1=46900A0&rc2=3700172,46900A03700172,46900A03700172,ES.SDGC.BU,0.100000000000000,m,footPrint,1,2_agriculture,1,0, ,http://ovc.catastro.meh.es/OVCServWeb/OVCWcfLibres/OVCFotoFachada.svc/RecuperarFotoFachadaGet?ReferenciaCatastral=46900A03700172,jpeg,NotOfficial,grossFloorArea,171,m2,112.500000000000000,1202.948472759999959,135.331703185500004,18.621642358324802,56.462098604017420,171.086900013614809
77,ES.SDGC.BU.46900A03700197,2016/10/10 00:00:00.000,functional,2008/01/01 00:00:00.000,2008/01/01 00:00:00.000, ,https://www1.sedecatastro.gob.es/CYCBienInmueble/OVCListaBienes.aspx?rc1=46900A0&rc2=3700197,46900A03700197,46900A03700197,ES.SDGC.BU,0.100000000000000,m,footPrint,1,2_agriculture,1,0, ,http://ovc.catastro.meh.es/OVCServWeb/OVCWcfLibres/OVCFotoFachada.svc/RecuperarFotoFachadaGet?ReferenciaCatastral=46900A03700197,jpeg,NotOfficial,grossFloorArea,50,m2,18.750000000000000,1225.058308919999945,22.969843292250001,3.160650437013600,29.093915714993763,49.964760006359782
78,ES.SDGC.BU.46900A03700222,2016/08/09 00:00:00.000,functional,2005/01/01 00:00:00.000,2005/01/01 00:00:00.000, ,https://www1.sedecatastro.gob.es/CYCBienInmueble/OVCListaBienes.aspx?rc1=46900A0&rc2=3700222,46900A03700222,46900A03700222,ES.SDGC.BU,0.100000000000000,m,footPrint,1,1_residential,2,0, ,http://ovc.catastro.meh.es/OVCServWeb/OVCWcfLibres/OVCFotoFachada.svc/RecuperarFotoFachadaGet?ReferenciaCatastral=46900A03700222,jpeg,NotOfficial,grossFloorArea,91,m2,6.250000000000000,1188.905639650000012,7.430660247812501,1.022458850099000,49.403705335578231,72.241135617380607
79,ES.SDGC.BU.46900A03700232,2016/10/10 00:00:00.000,functional,1990/01/01 00:00:00.000,1990/01/01 00:00:00.000, ,https://www1.sedecatastro.gob.es/CYCBienInmueble/OVCListaBienes.aspx?rc1=46900A0&rc2=3700232,46900A03700232,46900A03700232,ES.SDGC.BU,0.100000000000000,m,footPrint,1,2_agriculture,1,0, ,http://ovc.catastro.meh.es/OVCServWeb/OVCWcfLibres/OVCFotoFachada.svc/RecuperarFotoFachadaGet?ReferenciaCatastral=46900A03700232,jpeg,NotOfficial,grossFloorArea,126,m2,6.250000000000000,1220.049926760000062,7.625312042250001,1.049242937013600,75.467718669257494,126.022581994915328
80,ES.SDGC.BU.46900A03700240,2016/10/10 00:00:00.000,functional,1975/01/01 00:00:00.000,1975/01/01 00:00:00.000, ,https://www1.sedecatastro.gob.es/CYCBienInmueble/OVCListaBienes.aspx?rc1=46900A0&rc2=3700240,46900A03700240,46900A03700240,ES.SDGC.BU,0.100000000000000,m,footPrint,1,2_agriculture,1,0, ,http://ovc.catastro.meh.es/OVCServWeb/OVCWcfLibres/OVCFotoFachada.svc/RecuperarFotoFachadaGet?ReferenciaCatastral=46900A03700240,jpeg,NotOfficial,grossFloorArea,55,m2,12.500000000000000,1218.761291499999970,15.234516143750000,2.096269421380000,42.648764763330540,54.991669871932501
81,ES.SDGC.BU.46900A03700334,2016/10/05 00:00:00.000,functional,1990/01/01 00:00:00.000,1990/01/01 00:00:00.000, ,https://www1.sedecatastro.gob.es/CYCBienInmueble/OVCListaBienes.aspx?rc1=46900A0&rc2=3700334,46900A03700334,46900A03700334,ES.SDGC.BU,0.100000000000000,m,footPrint,1,2_agriculture,1,0, ,http://ovc.catastro.meh.es/OVCServWeb/OVCWcfLibres/OVCFotoFachada.svc/RecuperarFotoFachadaGet?ReferenciaCatastral=46900A03700334,jpeg,NotOfficial,grossFloorArea,1072,m2,650.000000000000000,1212.174235420000059,787.913253023000038,108.416863615964800,228.826460052502853,1071.775999959861792
82,ES.SDGC.BU.46900A03700394,2017/01/24 00:00:00.000,declined,1990/01/01 00:00:00.000,1990/01/01 00:00:00.000, ,https://www1.sedecatastro.gob.es/CYCBienInmueble/OVCListaBienes.aspx?rc1=46900A0&rc2=3700394,46900A03700394,46900A03700394,ES.SDGC.BU,0.100000000000000,m,footPrint,1,2_agriculture,1,0, ,http://ovc.catastro.meh.es/OVCServWeb/OVCWcfLibres/OVCFotoFachada.svc/RecuperarFotoFachadaGet?ReferenciaCatastral=46900A03700394,jpeg,NotOfficial,grossFloorArea,240,m2,143.750000000000000,1216.297081989999924,174.842705536062482,24.058356281762197,65.534807167175614,239.573212486046970
83,ES.SDGC.BU.46900A03700395,2016/08/09 00:00:00.000,functional,1990/01/01 00:00:00.000,1990/01/01 00:00:00.000, ,https://www1.sedecatastro.gob.es/CYCBienInmueble/OVCListaBienes.aspx?rc1=46900A0&rc2=3700395,46900A03700395,46900A03700395,ES.SDGC.BU,0.100000000000000,m,footPrint,1,1_residential,2,0, ,http://ovc.catastro.meh.es/OVCServWeb/OVCWcfLibres/OVCFotoFachada.svc/RecuperarFotoFachadaGet?ReferenciaCatastral=46900A03700395,jpeg,NotOfficial,grossFloorArea,118,m2,6.250000000000000,1216.246948239999938,7.601543426499999,1.045972375486400,66.183263761436166,93.104951881850866
84,ES.SDGC.BU.46900A03700398,2016/08/09 00:00:00.000,functional,1995/01/01 00:00:00.000,1995/01/01 00:00:00.000, ,https://www1.sedecatastro.gob.es/CYCBienInmueble/OVCListaBienes.aspx?rc1=46900A0&rc2=3700398,46900A03700398,46900A03700398,ES.SDGC.BU,0.100000000000000,m,footPrint,1,1_residential,1,1, ,http://ovc.catastro.meh.es/OVCServWeb/OVCWcfLibres/OVCFotoFachada.svc/RecuperarFotoFachadaGet?ReferenciaCatastral=46900A03700398,jpeg,NotOfficial,grossFloorArea,226,m2,62.500000000000000,1207.246215820000089,75.452888488750006,10.382317456052000,52.558793915194897,124.201560011313589
85,ES.SDGC.BU.46900A03700401,2016/09/30 00:00:00.000,declined,1990/01/01 00:00:00.000,1990/01/01 00:00:00.000, ,https://www1.sedecatastro.gob.es/CYCBienInmueble/OVCListaBienes.aspx?rc1=46900A0&rc2=3700401,46900A03700401,46900A03700401,ES.SDGC.BU,0.100000000000000,m,footPrint,1,2_agriculture,1,0, ,http://ovc.catastro.meh.es/OVCServWeb/OVCWcfLibres/OVCFotoFachada.svc/RecuperarFotoFachadaGet?ReferenciaCatastral=46900A03700401,jpeg,NotOfficial,grossFloorArea,75,m2,31.250000000000000,1196.353991700000051,37.386062240625002,5.144322164310000,36.487451494473824,75.317525003814751
86,ES.SDGC.BU.46900A03700496,2022/09/06 00:00:00.000,functional,1960/01/01 00:00:00.000,2009/01/01 00:00:00.000, ,https://www1.sedecatastro.gob.es/CYCBienInmueble/OVCListaBienes.aspx?rc1=46900A0&rc2=3700496,46900A03700496,46900A03700496,ES.SDGC.BU,0.100000000000000,m,footPrint,1,1_residential,2,1, ,http://ovc.catastro.meh.es/OVCServWeb/OVCWcfLibres/OVCFotoFachada.svc/RecuperarFotoFachadaGet?ReferenciaCatastral=46900A03700496,jpeg,NotOfficial,grossFloorArea,169,m2,81.250000000000000,1243.922748270000056,101.068723296937506,13.907056325658600,51.723883765466624,136.825250009958637
87,ES.SDGC.BU.46900A03700527,2016/10/03 00:00:00.000,functional,1990/01/01 00:00:00.000,1990/01/01 00:00:00.000, ,https://www1.sedecatastro.gob.es/CYCBienInmueble/OVCListaBienes.aspx?rc1=46900A0&rc2=3700527,46900A03700527,46900A03700527,ES.SDGC.BU,0.100000000000000,m,footPrint,1,2_agriculture,1,0, ,http://ovc.catastro.meh.es/OVCServWeb/OVCWcfLibres/OVCFotoFachada.svc/RecuperarFotoFachadaGet?ReferenciaCatastral=46900A03700527,jpeg,NotOfficial,grossFloorArea,297,m2,156.250000000000000,1196.050932619999912,186.882958221874986,25.715095051330000,73.141662561455860,296.766799993251254
88,ES.SDGC.BU.46900A03700669,2016/08/09 00:00:00.000,functional,2000/01/01 00:00:00.000,2000/01/01 00:00:00.000, ,https://www1.sedecatastro.gob.es/CYCBienInmueble/OVCListaBienes.aspx?rc1=46900A0&rc2=3700669,46900A03700669,46900A03700669,ES.SDGC.BU,0.100000000000000,m,footPrint,1,1_residential,2,1, ,http://ovc.catastro.meh.es/OVCServWeb/OVCWcfLibres/OVCFotoFachada.svc/RecuperarFotoFachadaGet?ReferenciaCatastral=46900A03700669,jpeg,NotOfficial,grossFloorArea,145,m2,6.250000000000000,1205.038085939999974,7.531488037125000,1.036332753908400,62.084826959322058,111.538135268402570
89,ES.SDGC.BU.46900A03700683,2016/10/10 00:00:00.000,functional,2000/01/01 00:00:00.000,2000/01/01 00:00:00.000, ,https://www1.sedecatastro.gob.es/CYCBienInmueble/OVCListaBienes.aspx?rc1=46900A0&rc2=3700683,46900A03700683,46900A03700683,ES.SDGC.BU,0.100000000000000,m,footPrint,1,2_agriculture,1,0, ,http://ovc.catastro.meh.es/OVCServWeb/OVCWcfLibres/OVCFotoFachada.svc/RecuperarFotoFachadaGet?ReferenciaCatastral=46900A03700683,jpeg,NotOfficial,grossFloorArea,71,m2,18.750000000000000,1198.035074870000017,22.463157653812502,3.090930493164600,35.019999997690320,71.382999988093971
90,ES.SDGC.BU.46900A03700698,2016/08/09 00:00:00.000,functional,1980/01/01 00:00:00.000,1980/01/01 00:00:00.000, ,https://www1.sedecatastro.gob.es/CYCBienInmueble/OVCListaBienes.aspx?rc1=46900A0&rc2=3700698,46900A03700698,46900A03700698,ES.SDGC.BU,0.100000000000000,m,footPrint,1,3_industrial,2,0, ,http://ovc.catastro.meh.es/OVCServWeb/OVCWcfLibres/OVCFotoFachada.svc/RecuperarFotoFachadaGet?ReferenciaCatastral=46900A03700698,jpeg,NotOfficial,grossFloorArea,112,m2,62.500000000000000,1212.537524410000060,75.783595275625004,10.427822709926000,77.786349735138884,147.548978642931189
91,ES.SDGC.BU.46900A03700743,2016/10/10 00:00:00.000,functional,1990/01/01 00:00:00.000,1990/01/01 00:00:00.000, ,https://www1.sedecatastro.gob.es/CYCBienInmueble/OVCListaBienes.aspx?rc1=46900A0&rc2=3700743,46900A03700743,46900A03700743,ES.SDGC.BU,0.100000000000000,m,footPrint,1,2_agriculture,1,0, ,http://ovc.catastro.meh.es/OVCServWeb/OVCWcfLibres/OVCFotoFachada.svc/RecuperarFotoFachadaGet?ReferenciaCatastral=46900A03700743,jpeg,NotOfficial,grossFloorArea,113,m2,25.000000000000000,1203.184661869999900,30.079616546749996,4.138955236832800,51.209175150625995,112.842544992985125
92,ES.SDGC.BU.46900A03700777,2016/10/10 00:00:00.000,functional,1985/01/01 00:00:00.000,1985/01/01 00:00:00.000, ,https://www1.sedecatastro.gob.es/CYCBienInmueble/OVCListaBienes.aspx?rc1=46900A0&rc2=3700777,46900A03700777,46900A03700777,ES.SDGC.BU,0.100000000000000,m,footPrint,1,2_agriculture,1,0, ,http://ovc.catastro.meh.es/OVCServWeb/OVCWcfLibres/OVCFotoFachada.svc/RecuperarFotoFachadaGet?ReferenciaCatastral=46900A03700777,jpeg,NotOfficial,grossFloorArea,107,m2,25.000000000000000,1222.896606450000036,30.572415161249999,4.206764326188000,62.943662335543607,107.100907501564095
93,ES.SDGC.BU.46900A03700787,2019/04/30 00:00:00.000,functional,1990/01/01 00:00:00.000,1990/01/01 00:00:00.000, ,https://www1.sedecatastro.gob.es/CYCBienInmueble/OVCListaBienes.aspx?rc1=46900A0&rc2=3700787,46900A03700787,46900A03700787,ES.SDGC.BU,0.100000000000000,m,footPrint,1,3_industrial,2,0, ,http://ovc.catastro.meh.es/OVCServWeb/OVCWcfLibres/OVCFotoFachada.svc/RecuperarFotoFachadaGet?ReferenciaCatastral=46900A03700787,jpeg,NotOfficial,grossFloorArea,97,m2,25.000000000000000,1215.197845460000053,30.379946136500003,4.180280588382400,68.463191789430780,97.410736370067895
94,ES.SDGC.BU.46900A03700801,2016/09/30 00:00:00.000,declined,1990/01/01 00:00:00.000,1990/01/01 00:00:00.000, ,https://www1.sedecatastro.gob.es/CYCBienInmueble/OVCListaBienes.aspx?rc1=46900A0&rc2=3700801,46900A03700801,46900A03700801,ES.SDGC.BU,0.100000000000000,m,footPrint,1,2_agriculture,1,0, ,http://ovc.catastro.meh.es/OVCServWeb/OVCWcfLibres/OVCFotoFachada.svc/RecuperarFotoFachadaGet?ReferenciaCatastral=46900A03700801,jpeg,NotOfficial,grossFloorArea,45,m2,18.750000000000000,1219.238647460000038,22.860724639874999,3.145635710446800,33.500567442677841,44.730932501681259
95,ES.SDGC.BU.46900A21200290,2016/10/10 00:00:00.000,functional,1970/01/01 00:00:00.000,1970/01/01 00:00:00.000, ,https://www1.sedecatastro.gob.es/CYCBienInmueble/OVCListaBienes.aspx?rc1=46900A2&rc2=1200290,46900A21200290,46900A21200290,ES.SDGC.BU,0.100000000000000,m,footPrint,1,2_agriculture,1,0, ,http://ovc.catastro.meh.es/OVCServWeb/OVCWcfLibres/OVCFotoFachada.svc/RecuperarFotoFachadaGet?ReferenciaCatastral=46900A21200290,jpeg,NotOfficial,grossFloorArea,84,m2,12.500000000000000,1223.121704099999988,15.289021301249999,2.103769331052000,49.648641858146632,83.359850005105699
96,ES.SDGC.BU.46900A21200325,2016/10/10 00:00:00.000,functional,1975/01/01 00:00:00.000,1975/01/01 00:00:00.000, ,https://www1.sedecatastro.gob.es/CYCBienInmueble/OVCListaBienes.aspx?rc1=46900A2&rc2=1200325,46900A21200325,46900A21200325,ES.SDGC.BU,0.100000000000000,m,footPrint,1,2_agriculture,1,0, ,http://ovc.catastro.meh.es/OVCServWeb/OVCWcfLibres/OVCFotoFachada.svc/RecuperarFotoFachadaGet?ReferenciaCatastral=46900A21200325,jpeg,NotOfficial,grossFloorArea,123,m2,18.750000000000000,1208.726318360000050,22.663618469250000,3.118513901368800,47.667966667059829,122.527749999458422
